trade_date,open,high,low,close,vol,amount
20150105,15.99,16.28,15.6,16.02,286043643,4565387846
20150106,15.85,16.39,15.55,15.78,216642140,3453446168
20150107,15.56,15.83,15.3,15.48,170012067,2634796409
20150108,15.5,15.57,14.9,14.96,140771421,2128003432
20150109,14.9,15.87,14.71,15.08,250850023,3835378100
20150112,14.87,15.05,14.5,14.77,155329086,2293104602
20150113,14.65,14.9,14.61,14.68,81687477,1204987149
20150114,14.78,15.2,14.7,14.81,126302964,1889296679
20150115,14.85,15.35,14.71,15.35,124217032,1868795910
20150116,15.4,15.62,15.18,15.37,155584633,2403346195
20150119,14.01,14.57,13.83,13.83,213712366,3016203087
20150120,13.83,14.06,13.56,13.83,149101811,2064280555
20150121,13.88,14.6,13.75,14.42,194053037,2758192757
20150122,14.34,14.52,14.16,14.3,125501611,1801436255
20150123,14.36,14.63,14.3,14.4,145918192,2108746796
20150126,14.36,14.44,14.16,14.34,105760580,1508446593
20150127,14.35,14.37,13.83,13.99,133949466,1881058965
20150128,13.87,14.3,13.8,14.06,124087755,1742175736
20150129,13.82,14.01,13.75,13.9,101675329,1408825356
20150130,13.93,14.12,13.76,13.93,93011669,1298735719
20150202,13.6,13.8,13.55,13.63,86093216,1176949560
20150203,13.78,13.99,13.62,13.95,88334914,1217876590
20150204,14,14.04,13.7,13.71,80762311,1122666755
20150205,14.3,14.43,13.76,13.79,191372916,2710523886
20150206,13.69,13.95,13.4,13.51,103040856,1411298590
20150209,13.5,13.68,13.22,13.52,94658628,1273141160
20150210,13.49,13.82,13.42,13.77,72487537,991823743.8
20150211,13.78,13.85,13.68,13.73,55434951,763414581.5
20150212,13.75,13.9,13.62,13.86,60871568,838611239.4
20150213,13.93,14.18,13.84,13.95,88774310,1244514794
20150216,13.95,14.01,13.73,13.92,72120239,999898468.8
20150217,13.96,14.11,13.93,13.99,68049159,954430237.8
20150225,14.04,14.05,13.76,13.8,57739233,799193628.9
20150226,13.8,14.08,13.6,14.07,102554424,1424064862
20150227,14.06,14.16,13.96,13.99,79357014,1115146053
20150302,14.03,14.09,13.87,14.03,101879700,1423603269
20150303,13.98,13.98,13.59,13.6,105947629,1457305035
20150304,13.62,13.72,13.5,13.57,81497304,1108145419
20150305,13.5,13.53,13.29,13.38,82860485,1109151960
20150306,13.37,13.51,13.35,13.44,55704774,748959127.7
20150309,13.47,14.34,13.32,14.15,220532361,3067985541
20150310,14,14.12,13.77,13.77,138570630,1927581939
20150311,13.79,14.08,13.79,13.86,90335413,1258356122
20150312,14.2,14.96,14.08,14.6,330513720,4805590363
20150313,14.9,15.61,14.8,14.99,316398835,4799935195
20150316,15.1,15.5,14.92,15.41,221847246,3387198610
20150317,15.51,15.8,15.25,15.4,195984187,3020408698
20150318,15.36,15.58,15.29,15.51,183100067,2823982778
20150319,15.48,15.48,15.12,15.19,158030028,2413982124
20150320,15.19,15.55,15.06,15.32,197639447,3027315328
20150323,15.33,15.56,15.33,15.43,178205583,2750596675
20150324,15.43,15.59,15.22,15.35,155919347,2396553386
20150325,15.28,15.32,14.89,14.91,159146801,2396613997
20150326,14.86,15.42,14.71,15.11,148789158,2246003758
20150327,15.1,15.29,14.86,15.08,104763887,1577607058
20150330,15.23,15.94,15.1,15.66,258261368,4014724426
20150331,16.04,16.6,15.63,15.75,273318321,4393135215
20150401,15.82,16.14,15.55,15.96,164331641,2608976850
20150402,16.09,16.14,15.62,15.8,140583742,2222670593
20150403,15.7,15.94,15.61,15.85,143494132,2262844473
20150407,16.15,16.96,16.15,16.81,296047228,4898119463
20150408,16.93,18.08,16.65,17.92,337164631,5784459039
20150409,17.95,19.05,17.73,18,317306325,5794631957
20150410,18,19.8,17.85,19.8,334020979,6339648863
20150413,17,17.16,16.15,16.54,480715321,8021097202
20150414,16.5,16.5,16.1,16.3,247237501,4020209605
20150415,16.3,17.28,16.1,16.65,341764203,5746875159
20150416,16.34,17.1,16.25,17,246740721,4102824563
20150417,17.5,17.5,16.8,16.93,260952337,4447333030
20150420,17.1,17.2,16.16,16.3,344725740,5776437953
20150421,16.32,16.7,15.98,16.56,241593696,3943357049
20150422,16.58,16.98,16.5,16.95,277314172,4640335830
20150423,16.98,17.04,16.56,16.66,231968840,3893522074
20150424,16.3,16.51,16.01,16.14,244283692,3959606490
20150427,16.21,16.6,16.2,16.42,246056358,4027939225
20150428,16.45,17.38,16.22,16.7,476354406,8014319270
20150429,16.66,16.75,16.2,16.65,215118839,3550493337
20150430,16.83,17.26,16.68,16.7,289063541,4899379904
20150504,16.7,16.7,16.28,16.52,142757511,2351547449
20150505,16.41,16.52,15.5,15.86,229934173,3685372405
20150506,15.82,16.3,15.49,15.72,194991108,3107565652
20150507,15.72,15.88,15.5,15.67,125870751,1968941844
20150508,15.71,15.98,15.5,15.85,137446840,2163108920
20150511,15.8,16.12,15.49,16.03,212307724,3349066840
20150512,15.98,16.18,15.65,15.96,198965559,3166864485
20150513,16.18,16.25,15.74,15.88,175656158,2807445576
20150514,16,16.05,15.69,15.89,143802764,2283604814
20150515,15.8,15.88,15.27,15.45,175271651,2718885236
20150518,15.2,15.35,14.97,15.18,153708421,2327558366
20150519,15.17,15.74,15.05,15.59,191781267,2959557086
20150520,16.01,16.15,15.6,15.74,258966691,4115472698
20150521,15.8,15.89,15.62,15.79,140584660,2214024936
20150522,15.91,16.3,15.82,16.27,262190776,4233675706
20150525,16.35,16.71,16.35,16.6,273036950,4518316428
20150526,16.63,16.7,16.28,16.62,279220875,4607493714
20150527,16.62,16.91,16.4,16.48,234121774,3888992246
20150528,16.5,16.51,15.43,15.5,273306115,4404154743
20150529,15.51,15.67,15.11,15.32,201493291,3103543671
20150601,15.33,15.98,15.19,15.9,215836230,3365459275
20150602,15.89,15.9,15.52,15.77,190482203,2991564978
20150603,15.77,15.95,15.5,15.83,197523179,3103860651
20150604,15.85,16.58,15.66,16.37,368253272,5971846071
20150605,16.7,16.8,16.03,16.3,285545624,4681142526
20150608,16.32,17.45,16.19,17.29,508605027,8596942094
20150609,17.36,17.45,16.68,16.98,328696753,5601775951
20150610,16.8,16.93,16.53,16.68,219838655,3679460605
20150611,16.68,16.77,16.35,16.48,170696045,2811189687
20150612,16.48,16.63,16.31,16.51,190338879,3131996559
20150615,16.53,16.6,15.9,15.92,219217661,3547149535
20150616,15.8,16.06,15.5,15.64,181217984,2858213721
20150617,15.83,15.89,15.45,15.73,171594225,2689990222
20150618,15.68,15.68,15.01,15.38,160255482,2468466177
20150619,15.25,15.39,14.5,14.63,156552048,2345768674
20150623,14.64,14.97,14.11,14.95,180548812,2643179924
20150624,15,15.13,14.7,15.12,153199612,2290363605
20150625,15.58,15.63,14.76,14.87,207916488,3179774393
20150626,14.64,14.95,13.38,13.77,255532175,3623880485
20150629,14.08,14.15,12.75,13.56,261294320,3570319307
20150630,13.54,14.54,13.38,14.54,254810313,3572978441
20150701,14.35,14.59,13.74,13.92,183540616,2629096356
20150702,13.9,14.31,13.38,13.75,198282626,2762337228
20150703,13.98,13.99,12.79,13.07,259745820,3473335630
20150706,14.3,14.31,13.29,13.88,338152667,4660186339
20150707,13.66,14.65,13.21,14.65,480831189,6808003723
20150708,13.81,14,13.19,13.19,499669694,6762103351
20150709,13.19,14.44,12.11,14.26,434435542,5904698617
20150710,13.85,15.36,13.61,14.86,465098778,6891581207
20150713,14.4,14.89,14.12,14.44,326819605,4737400471
20150714,14.2,14.38,13.51,13.87,258022955,3608580676
20150715,13.66,13.96,13.4,13.58,162642318,2225696913
20150716,13.6,13.76,13.42,13.6,138893985,1884221625
20150717,13.66,13.94,13.53,13.82,168063766,2304999342
20150720,13.8,13.8,13.53,13.6,135868308,1852316441
20150721,13.51,13.64,13.38,13.57,113164352,1529148267
20150722,13.49,13.54,13.34,13.52,113809062,1528783831
20150723,13.46,13.75,13.41,13.67,148369614,2022035341
20150724,13.68,13.7,13.32,13.38,133930997,1815658963
20150727,13.25,13.32,12.04,12.44,178785918,2289450165
20150728,12.19,12.76,12.15,12.62,201120081,2509971532
20150729,12.6,12.62,12.38,12.6,97168292,1210759096
20150730,12.61,12.64,12.23,12.26,77027894,962337460.8
20150731,12.16,12.42,12.02,12.36,120274687,1472860296
20150803,12.2,12.85,12.15,12.82,140512271,1757739733
20150804,12.77,12.99,12.59,12.86,77493758,988843500.5
20150805,12.8,12.95,12.57,12.59,55180237,704539354.3
20150806,12.5,12.73,12.43,12.53,45021845,567208519.2
20150807,12.61,12.72,12.54,12.61,62201030,785501392
20150810,12.66,12.99,12.55,12.92,105311195,1346325151
20150811,12.91,12.95,12.79,12.84,82849336,1065323949
20150812,12.69,12.77,12.56,12.57,68682207,869580822.8
20150813,12.51,12.67,12.42,12.57,60634441,760265710.3
20150814,12.69,12.75,12.58,12.64,82378929,1043762738
20150817,12.61,12.69,12.45,12.54,67964257,852588992
20150818,12.5,12.74,11.95,12.27,117632441,1459671045
20150819,12.1,12.23,11.9,12.23,95889423,1157078548
20150820,12.17,12.17,11.9,12.05,67763439,815652760.5
20150821,11.9,11.99,11.46,11.5,93336784,1095668268
20150824,11.1,11.17,10.35,10.35,151802968,1601529035
20150825,9.85,10.35,9.32,9.46,219233375,2122788585
20150826,9.6,10.23,9.3,9.91,249191959,2460482141
20150827,10.16,10.9,9.86,10.8,184923565,1912163266
20150828,10.89,11.09,10.55,10.83,160802969,1728745630
20150831,10.71,11.07,10.48,11.07,146429725,1578261442
20150901,10.9,11.61,10.61,11.57,265766135,3003860704
20150902,11.18,12,11.06,11.84,281574676,3273803293
20150907,11.55,11.56,10.89,10.89,137611064,1544055075
20150908,10.88,11.15,10.59,11,74729245,815241863.3
20150909,11.03,11.19,10.88,11.1,85107389,940582957
20150910,11,11.18,10.94,11.05,46520563,514578386.5
20150911,11.02,11.12,10.88,10.96,42645078,469297504.8
20150914,10.99,11,10.45,10.87,75645273,813927117.1
20150915,10.69,10.85,10.5,10.57,54283900,579042247
20150916,10.59,11.08,10.52,10.9,56924377,612767028.6
20150917,10.85,11.14,10.77,10.77,62079854,682338188.7
20150918,10.84,10.96,10.73,10.81,31827282,345063783.7
20150921,10.7,10.89,10.65,10.82,38611111,416851084.5
20150922,10.83,11.06,10.82,10.96,49295560,541007302.4
20150923,10.86,10.91,10.68,10.7,37115084,399583544.6
20150924,10.76,10.81,10.67,10.71,25863255,277274187.9
20150925,10.69,10.71,10.45,10.55,44642060,471537653
20150928,10.56,10.59,10.43,10.53,19908727,209186171.5
20150929,10.45,10.56,10.32,10.38,33360356,347612298.6
20150930,10.4,10.59,10.39,10.49,36465973,383230180
20151008,10.85,10.89,10.7,10.7,49407085,533806134.1
20151009,10.75,10.95,10.72,10.9,47461206,516310498
20151012,10.96,11.38,10.91,11.23,84966515,950602307.7
20151013,11.2,11.26,11.09,11.13,35979819,401600928.8
20151014,11.04,11.15,10.94,10.98,41898065,462963473.8
20151015,10.95,11.17,10.94,11.17,48590050,539103671.6
20151016,11.21,11.3,11.16,11.23,57000145,640488894.1
20151019,11.27,11.35,11.15,11.26,72337153,814910975
20151020,11.2,11.38,11.19,11.32,71516328,807642379.7
20151021,11.29,11.75,11.18,11.22,133262904,1523591977
20151022,11.25,11.4,11.18,11.33,82280573,928960028.8
20151023,11.39,11.53,11.34,11.47,93742511,1073981531
20151026,11.6,11.81,11.44,11.52,108591754,1260872032
20151027,11.5,11.64,11.34,11.48,58043637,664648826.8
20151028,11.46,11.48,11.25,11.27,54481117,619790793.2
20151029,11.3,11.36,11.25,11.27,31670368,357830452
20151030,11.3,11.42,11.27,11.36,53593072,607980997.1
20151102,11.27,11.32,11.1,11.14,48443581,544000187
20151103,11.15,11.21,11.01,11.05,39126518,434818762.6
20151104,11.08,11.7,11.05,11.69,130724419,1493255542
20151105,11.6,12.57,11.55,12.07,229218980,2780266756
20151106,12.02,12.41,11.92,12.39,146319495,1781331280
20151109,12.5,13.38,12.46,12.94,241388779,3137641551
20151110,12.8,13.07,12.61,12.75,112502763,1438707530
20151111,12.7,12.78,12.38,12.55,102173507,1280174417
20151112,12.6,12.65,12.28,12.4,67113962,833753298.1
20151113,12.22,12.48,12.19,12.24,58755504,722252994.2
20151116,12.13,12.39,12.09,12.34,55984871,685977382.9
20151117,12.41,12.7,12.36,12.5,104648656,1315319787
20151118,12.46,12.7,12.31,12.42,79370476,991513834.8
20151119,12.4,12.51,12.33,12.5,47112067,585570983.3
20151120,12.5,12.59,12.42,12.55,59803634,747487174.7
20151123,12.55,12.6,12.38,12.45,60797531,760493340.7
20151124,12.41,12.45,12.16,12.28,66421478,812675943.5
20151125,12.21,12.37,12.17,12.32,51346272,629507063.6
20151126,12.36,12.38,12.2,12.23,55221015,679692129.9
20151127,12.18,12.2,11.53,11.73,72802594,867702430.6
20151130,11.72,11.87,11.5,11.74,65849389,770221398.4
20151201,11.7,11.86,11.51,11.75,68025390,793118214.1
20151202,11.7,12.64,11.66,12.51,161576086,1978750510
20151203,12.39,12.75,12.25,12.45,142597678,1786008972
20151204,12.31,12.38,12.08,12.12,76453245,934906568.6
20151207,12.18,12.25,12.04,12.15,40279265,488370699.4
20151208,12.07,12.09,11.9,11.96,50310179,602568625.9
20151209,11.92,12.12,11.9,11.99,42938435,515596474.9
20151210,11.95,12.14,11.91,11.96,41760358,502326072.6
20151211,11.91,11.92,11.73,11.83,37950803,448800941.4
20151214,11.73,12.11,11.71,12.07,58723664,698791985
20151215,12.03,12.09,11.86,11.92,36448735,436557693.7
20151216,11.98,12.01,11.88,11.89,39276282,468510259.2
20151217,11.97,12.14,11.96,12.07,64827475,780891801.1
20151218,12.03,12.55,12.02,12.23,102294474,1257360356
20151221,12.14,12.72,12.11,12.51,128114213,1595741319
20151222,12.5,12.62,12.38,12.43,69809145,870121732.2
20151223,12.47,12.78,12.4,12.48,103901823,1302341538
20151224,12.46,12.56,12.24,12.34,64022964,791975824.6
20151225,12.38,12.47,12.33,12.41,39984505,495638053.1
20151228,12.43,12.46,11.98,11.98,82240863,1003010207
20151229,11.99,12.1,11.97,12.09,61980214,744718416.3
20151230,12.09,12.11,11.95,12.1,53266704,641277265.4
20151231,12.1,12.13,11.98,11.99,49125892,591643590.7
20160104,12,12.03,11.23,11.33,56349787,660376153.1
20160105,11.27,11.57,11.15,11.4,66326995,755531353.7
20160106,11.42,11.56,11.39,11.53,51570644,591698520.4
20160107,11.41,11.41,10.91,10.94,17476110,194869493.5
20160108,11.21,11.29,10.9,11.12,74752758,831334546.2
20160111,11,11.08,10.68,10.76,73201399,800683641
20160112,10.83,10.91,10.64,10.81,56164230,605970837
20160113,10.89,10.94,10.7,10.71,39170948,424371697.7
20160114,10.59,10.8,10.48,10.77,66631454,708535004.7
20160115,10.66,10.8,10.42,10.46,44820214,474908142
20160118,10.34,10.56,10.3,10.41,42104088,439917816.2
20160119,10.45,10.78,10.41,10.71,50110908,532074699.5
20160120,10.7,10.8,10.44,10.54,60375250,640968946.9
20160121,10.48,10.75,10.32,10.32,60614511,638127876.8
20160122,10.4,10.45,10.22,10.4,46675214,482984450.4
20160125,10.4,10.44,10.33,10.37,37643172,390734876.7
20160126,10.32,10.32,9.86,9.87,64790114,653561593.4
20160127,9.93,9.98,9.6,9.88,56903705,558510640.9
20160128,9.82,9.89,9.65,9.69,30254078,296055319.2
20160129,9.74,10.08,9.69,10,54443576,540544459.6
20160201,9.98,10.01,9.74,9.8,41773214,412635642.6
20160202,9.8,10.03,9.78,9.95,36910416,367360499.7
20160203,9.85,9.89,9.77,9.85,27457217,269997835.6
20160204,9.89,10,9.88,9.95,37309947,370586187.5
20160205,9.96,9.97,9.91,9.92,27089334,269184383.5
20160215,9.66,9.85,9.65,9.79,27849946,271173372.4
20160216,9.84,10.03,9.83,10.01,42838638,427507774.2
20160217,10.03,10.22,9.99,10.15,58516706,590538918.8
20160218,10.18,10.22,10.09,10.09,40617824,412337569.8
20160219,10.09,10.14,9.99,10.04,31889825,320939652
20160222,10.13,10.31,10.06,10.29,61773945,630251514.5
20160223,10.29,10.29,10.05,10.12,42587437,432315311.4
20160224,10.06,10.15,10.01,10.15,30010360,302498026.1
20160225,10.12,10.13,9.6,9.67,62207284,615004743.3
20160226,9.77,9.83,9.66,9.79,39215441,382634662.7
20160229,9.79,9.81,9.42,9.56,56689639,542183971.8
20160301,9.62,9.77,9.58,9.7,37791080,365149008
20160302,9.75,10.13,9.72,10.1,67661373,673626229.3
20160303,10.09,10.18,10.04,10.11,55308940,559045201.6
20160304,10.09,10.5,10.07,10.4,138124907,1429273063
20160307,10.35,10.49,10.3,10.34,60635297,630155599.2
20160308,10.36,10.36,9.94,10.28,64315646,650471607.4
20160309,10.14,10.22,10.04,10.17,32590065,330124892.4
20160310,10.24,10.35,10.13,10.15,47402030,486414240.7
20160311,10.1,10.22,10.04,10.16,38373672,389638934.2
20160314,10.21,10.46,10.21,10.26,65515822,679161305
20160315,10.28,10.36,10.16,10.32,41792037,428786691.8
20160316,10.27,10.45,10.25,10.35,66488620,690087713.1
20160317,10.36,10.48,10.3,10.42,61099638,635181313.5
20160318,10.42,10.57,10.4,10.54,79721581,836565552.8
20160321,10.55,10.86,10.55,10.8,92043281,987764461.9
20160322,10.77,10.94,10.69,10.72,62548248,675406611.4
20160323,10.71,10.77,10.61,10.7,43027816,458963272.7
20160324,10.61,10.63,10.5,10.52,37240624,393411544.5
20160325,10.51,10.6,10.5,10.59,23707049,250338489.6
20160328,10.62,10.65,10.45,10.48,35862101,378973327.5
20160329,10.51,10.52,10.38,10.43,31831787,332422397.1
20160330,10.48,10.7,10.47,10.7,53969998,572627417.1
20160331,10.71,10.75,10.64,10.64,41838792,447266281.7
20160401,10.62,10.69,10.5,10.66,36934188,391830399.3
20160405,10.62,10.81,10.5,10.7,59230864,632378859.3
20160406,10.68,10.75,10.61,10.72,43525954,464962437.1
20160407,10.72,10.73,10.59,10.59,37771959,401949050.6
20160408,10.55,10.67,10.5,10.57,37655386,397998243.9
20160411,10.6,10.8,10.6,10.72,78638602,840486348.2
20160412,10.7,10.71,10.62,10.67,29859954,318538001.8
20160413,10.73,10.97,10.71,10.81,85676036,929858588.5
20160414,10.88,10.9,10.79,10.84,32364630,350702741.5
20160415,10.84,10.94,10.8,10.88,49722404,541052858.4
20160418,10.82,10.85,10.73,10.73,35065401,377791436.8
20160419,10.77,10.81,10.71,10.77,21823994,234479844.3
20160420,10.77,10.78,10.36,10.52,60658625,640149677.1
20160421,10.52,10.63,10.45,10.51,55879920,588731547.5
20160422,10.46,10.62,10.41,10.55,35967712,379176139.3
20160425,10.56,10.56,10.42,10.5,34925775,366533376.7
20160426,10.48,10.6,10.46,10.59,29169938,306962513
20160427,10.58,10.61,10.52,10.57,23955393,253308584.1
20160428,10.58,10.76,10.54,10.66,45746041,487261220.5
20160429,10.64,10.64,10.55,10.57,40497767,428582155
20160503,10.58,10.72,10.52,10.68,48910210,521137502.4
20160504,10.68,10.75,10.66,10.72,41243559,441848167.7
20160505,10.69,10.72,10.65,10.72,23951683,256002095.9
20160506,10.73,10.73,10.52,10.52,34654514,367408584.5
20160509,10.5,10.53,10.32,10.35,41117102,428356624.1
20160510,10.34,10.37,10.27,10.28,29259978,301767208
20160511,10.3,10.44,10.3,10.37,32728951,339005275.8
20160512,10.31,10.4,10.25,10.38,32588550,336792700.6
20160513,10.35,10.4,10.33,10.35,18426611,191007255.7
20160516,10.32,10.36,10.25,10.36,21522468,221931208.1
20160517,10.36,10.37,10.24,10.3,25042422,257859629
20160518,10.29,10.32,10.17,10.3,53415062,547076639.4
20160519,10.27,10.32,10.25,10.25,17077776,175591500.4
20160520,10.24,10.33,10.19,10.3,20670377,212277642
20160523,10.33,10.34,10.25,10.28,32364676,333300178.5
20160524,10.27,10.28,10.19,10.21,25929404,265042286.9
20160525,10.25,10.28,10.19,10.23,20423540,209019882
20160526,10.22,10.27,10.17,10.22,26139653,266736775.8
20160527,10.22,10.29,10.19,10.27,22281892,228377555
20160530,10.25,10.28,10.2,10.28,38094687,390119748.2
20160531,10.26,10.57,10.26,10.55,94646716,991668174.8
20160601,10.51,10.55,10.44,10.48,55675091,584161145.1
20160602,10.47,10.48,10.42,10.46,29303622,306269383.4
20160603,10.47,10.52,10.41,10.5,42338929,443039581
20160606,10.51,10.53,10.45,10.51,33833201,354998364.1
20160607,10.52,10.53,10.48,10.52,22928215,240887148.7
20160608,10.54,10.54,10.46,10.5,26818824,281651740.9
20160613,10.46,10.47,10.33,10.33,34481683,358996277.5
20160614,10.34,10.41,10.32,10.4,27363726,283578296.5
20160615,10.33,10.48,10.32,10.44,37817241,394033686.1
20160616,8.57,8.6,8.53,8.57,38667008,331192444.7
20160617,8.57,8.61,8.54,8.58,31517300,270236698
20160620,8.59,8.6,8.56,8.6,27073158,232205297.9
20160621,8.61,8.65,8.58,8.61,38074985,327940703.4
20160622,8.6,8.73,8.58,8.73,47800201,413947368.6
20160623,8.67,8.7,8.63,8.66,33561422,290490407
20160624,8.64,8.7,8.52,8.57,42766409,367771053.9
20160627,8.57,8.64,8.54,8.61,32521418,280044073.2
20160628,8.58,8.64,8.56,8.63,33651928,289122214
20160629,8.63,8.69,8.62,8.69,36961156,319908689.6
20160630,8.69,8.74,8.66,8.7,36220487,315051854.7
20160701,8.69,8.73,8.68,8.71,34893019,303652375.3
20160704,8.69,8.86,8.67,8.81,60825712,534656909.6
20160705,8.8,8.83,8.77,8.81,42203729,371422814.8
20160706,8.8,8.82,8.76,8.79,32295017,283827375.8
20160707,8.79,8.8,8.74,8.78,31285308,274337185.8
20160708,8.79,8.79,8.73,8.74,26134229,228778674.1
20160711,8.75,8.79,8.74,8.75,36537252,320333760.7
20160712,8.75,8.89,8.74,8.88,71183240,627505578.4
20160713,8.88,9.05,8.86,8.99,79828864,716797025.3
20160714,8.97,9,8.91,8.94,35969939,321889343.3
20160715,8.95,9,8.91,8.99,35203395,315555253.5
20160718,8.99,9.08,8.97,9.04,50693492,457358031.4
20160719,9.04,9.05,8.95,8.97,36278781,326046531
20160720,8.96,8.99,8.95,8.96,31092641,278737194.1
20160721,8.95,9.01,8.95,8.99,34026127,305710332.8
20160722,8.99,8.99,8.92,8.94,29554964,264379250.4
20160725,8.93,8.98,8.91,8.98,26468286,236937494.1
20160726,8.97,9.12,8.97,9.11,54655692,494506420.1
20160727,9.12,9.17,8.91,9.01,81867834,741263303
20160728,8.98,9.11,8.97,9.08,47991038,434490536.6
20160729,9.08,9.24,9.03,9.2,67142534,614972669.3
20160801,9.18,9.34,9.17,9.28,75932441,702466616
20160802,9.24,9.26,9.17,9.25,44916516,413484595.1
20160803,9.21,9.22,9.15,9.18,42462218,389817535.1
20160804,9.17,9.18,8.93,8.99,134446207,1210346974
20160805,8.99,9.07,8.95,9.04,72594819,654998092.9
20160808,9.04,9.11,9.01,9.11,39847930,361191045.3
20160809,9.09,9.15,9.07,9.15,41567631,378720688.3
20160810,9.15,9.18,9.12,9.14,43665545,399656990.6
20160811,9.14,9.35,9.13,9.22,93557601,866594867.9
20160812,9.2,9.53,9.18,9.5,137002155,1282336292
20160815,9.55,9.8,9.51,9.68,189755226,1835196866
20160816,9.68,9.68,9.46,9.52,109955862,1050479545
20160817,9.52,9.6,9.48,9.55,56072536,534926047
20160818,9.56,9.59,9.43,9.5,69150431,658183955
20160819,9.49,9.52,9.43,9.51,50533453,478779724.2
20160822,9.5,9.51,9.36,9.4,97943273,922426435.1
20160823,9.38,9.45,9.37,9.4,89065673,838185900.6
20160824,9.41,9.43,9.38,9.43,73228127,688971683.1
20160825,9.42,9.45,9.34,9.44,61738960,580648481.9
20160826,9.45,9.47,9.4,9.45,50223385,473688076.6
20160829,9.41,9.45,9.38,9.42,56523188,532295362
20160830,9.42,9.47,9.41,9.47,59508123,561854066.3
20160831,9.46,9.5,9.43,9.49,48974676,463875762.9
20160901,9.49,9.52,9.42,9.45,48013121,454848634.3
20160902,9.43,9.46,9.42,9.45,36879633,348054367.1
20160905,9.46,9.46,9.4,9.42,46993656,443204803.6
20160906,9.42,9.43,9.36,9.41,57473833,539813283.6
20160907,9.41,9.42,9.37,9.4,45937329,431984158.6
20160908,9.39,9.42,9.38,9.4,29521845,277503757.8
20160909,9.4,9.43,9.36,9.38,32743143,307527271.2
20160912,9.29,9.32,9.13,9.16,75658173,697759184.1
20160913,9.18,9.21,9.14,9.19,46093142,423113832
20160914,9.17,9.18,9.05,9.06,42148125,384081266.5
20160919,9.05,9.14,9.05,9.12,35434870,322575925.9
20160920,9.12,9.12,9.04,9.08,43667897,396359321.3
20160921,9.08,9.1,9.03,9.08,40566533,367767497.5
20160922,9.1,9.18,9.09,9.16,49461323,451909020.5
20160923,9.16,9.19,9.14,9.15,28879877,264699513.1
20160926,9.13,9.13,9.04,9.04,43948186,398771864.9
20160927,9.04,9.07,9.01,9.06,40132367,362769231
20160928,9.06,9.06,9.03,9.05,27136600,245499467.9
20160929,9.05,9.08,9.05,9.06,30366429,275239667.4
20160930,9.06,9.1,9.05,9.07,30808486,279526475.6
20161010,9.1,9.17,9.08,9.12,61138159,557122276.5
20161011,9.13,9.15,9.11,9.15,36337078,331886515.5
20161012,9.14,9.16,9.12,9.13,27031620,246995531
20161013,9.08,9.11,9.05,9.07,63236796,574142476.3
20161014,9.06,9.09,9.04,9.09,33541176,304218676.8
20161017,9.08,9.09,9.03,9.05,35922316,325582450.3
20161018,9.03,9.09,9.03,9.09,59373709,537784120.4
20161019,9.09,9.11,9.05,9.08,48263616,438299029.5
20161020,9.08,9.09,9.05,9.07,34284457,310966016.7
20161021,9.08,9.13,9.06,9.13,68389677,621549845
20161024,9.13,9.3,9.12,9.24,91567704,844746080.6
20161025,9.25,9.26,9.18,9.21,50075292,461542701.1
20161026,9.22,9.22,9.13,9.15,44045213,403750809.1
20161027,9.16,9.17,9.12,9.16,32414055,296216914.8
20161028,9.16,9.23,9.14,9.17,54199774,497615050.8
20161031,9.15,9.16,9.09,9.15,49359683,450148883
20161101,9.14,9.16,9.11,9.14,52541566,480117542
20161102,9.14,9.14,9.05,9.07,63358600,576083788
20161103,9.06,9.14,9.05,9.13,61687113,561464947
20161104,9.11,9.17,9.1,9.11,50811757,463831938
20161107,9.1,9.12,9.07,9.12,49724012,452447930
20161108,9.12,9.15,9.1,9.15,80669498,736747217
20161109,9.14,9.14,9.01,9.07,72261671,656061960
20161110,9.1,9.16,9.1,9.14,63199874,576898452
20161111,9.14,9.18,9.11,9.18,81226969,742969896
20161114,9.16,9.25,9.16,9.22,97507875,898058354
20161115,9.2,9.24,9.18,9.23,55434298,510596178
20161116,9.23,9.24,9.2,9.23,41584240,383425739
20161117,9.22,9.22,9.18,9.21,50532402,464611128
20161118,9.21,9.21,9.16,9.18,51759734,475289972
20161121,9.18,9.28,9.17,9.24,85024326,785475676
20161122,9.24,9.36,9.23,9.36,118025694,1097408714
20161123,9.34,9.56,9.34,9.45,175286943,1660465709
20161124,9.44,9.52,9.42,9.47,77974884,738580569
20161125,9.48,9.62,9.46,9.62,101367499,968127766
20161128,9.69,9.78,9.6,9.63,127968924,1240686233
20161129,9.59,9.7,9.55,9.62,88777923,854308658
20161130,9.65,9.72,9.5,9.55,102596305,985758449
20161201,9.57,9.63,9.55,9.6,64600437,619633746
20161202,9.6,9.6,9.44,9.55,82968650,790044441
20161205,9.5,9.54,9.41,9.46,76436570,723222053
20161206,9.48,9.52,9.45,9.49,60290276,571585177
20161207,9.48,9.49,9.41,9.48,49340476,466085503
20161208,9.5,9.55,9.43,9.52,67145216,638058504
20161209,9.5,9.75,9.48,9.65,151419915,1460778328
20161212,9.65,9.77,9.44,9.5,125687400,1206662616
20161213,9.48,9.5,9.33,9.42,64577157,607769965
20161214,9.42,9.51,9.4,9.4,59770574,564787516
20161215,9.37,9.41,9.21,9.25,82761287,767751835
20161216,9.24,9.29,9.21,9.25,39681397,366925349
20161219,9.22,9.23,9.17,9.2,49401064,453899744
20161220,9.2,9.2,9.08,9.11,63663837,580118167
20161221,9.12,9.16,9.11,9.16,36992065,338201446
20161222,9.15,9.16,9.11,9.14,34134124,311546856
20161223,9.14,9.14,9.07,9.08,38291216,348140451
20161226,9.06,9.13,9.02,9.12,30205896,273934287
20161227,9.12,9.13,9.07,9.08,26884124,244788273
20161228,9.08,9.11,9.04,9.06,33605509,304898614
20161229,9.07,9.09,9.05,9.08,33875853,307183503
20161230,9.08,9.1,9.06,9.1,30260736,274882698
20170103,9.11,9.18,9.09,9.16,45984049,420595176
20170104,9.15,9.18,9.14,9.16,44932953,411503444
20170105,9.17,9.18,9.15,9.17,34437291,315769693
20170106,9.17,9.17,9.11,9.13,35815420,327176433
20170109,9.13,9.17,9.11,9.15,36108157,329994604
20170110,9.15,9.16,9.14,9.15,24105395,220575131
20170111,9.14,9.17,9.13,9.14,30343089,277553207
20170112,9.13,9.17,9.13,9.15,42800677,391869402
20170113,9.14,9.19,9.12,9.16,43430137,397601906
20170116,9.15,9.16,9.07,9.14,68316586,623025820
20170117,9.12,9.16,9.1,9.15,54555237,498179703
20170118,9.14,9.19,9.13,9.17,57426939,526426595
20170119,9.15,9.24,9.15,9.18,43771286,402445639
20170120,9.17,9.23,9.17,9.22,39332857,361865155
20170123,9.22,9.26,9.2,9.22,42029931,388019072
20170124,9.23,9.28,9.2,9.27,47024408,434787729
20170125,9.27,9.28,9.25,9.26,30440196,281976294
20170126,9.27,9.34,9.26,9.33,42071258,391844286
20170203,9.34,9.36,9.23,9.26,31547224,292617943
20170206,9.26,9.32,9.26,9.31,51678611,480441331
20170207,9.31,9.32,9.27,9.3,39688497,368755274
20170208,9.29,9.3,9.24,9.3,36027242,333975401
20170209,9.3,9.33,9.28,9.31,34285513,319201023
20170210,9.32,9.36,9.31,9.33,48274323,450701345
20170213,9.34,9.44,9.33,9.41,63836475,599951024
20170214,9.41,9.42,9.37,9.4,36240460,340318431
20170215,9.4,9.54,9.39,9.45,75661306,716759655
20170216,9.45,9.5,9.42,9.46,41116113,388636225
20170217,9.46,9.49,9.37,9.39,42377497,400161795
20170220,9.4,9.58,9.4,9.56,89875539,855710805
20170221,9.55,9.62,9.54,9.57,64658421,618761069
20170222,9.57,9.57,9.5,9.57,46296611,441528339
20170223,9.55,9.57,9.48,9.51,33532781,319293836
20170224,9.5,9.54,9.48,9.5,33250014,316020789
20170227,9.5,9.5,9.42,9.43,40734112,384781015
20170228,9.43,9.51,9.42,9.48,36971970,350366892
20170301,9.49,9.55,9.47,9.49,34699373,330157963
20170302,9.51,9.54,9.42,9.43,40362870,382395883
20170303,9.41,9.43,9.36,9.4,34265508,321952549
20170306,9.4,9.46,9.39,9.45,40451138,381212304
20170307,9.44,9.46,9.4,9.45,29467282,277747415
20170308,9.43,9.45,9.4,9.42,24443839,230425150
20170309,9.41,9.43,9.36,9.38,37816992,354813687
20170310,9.38,9.41,9.36,9.4,39018225,366140052
20170313,9.39,9.45,9.37,9.44,54530444,513148481
20170314,9.43,9.46,9.41,9.44,40448435,381594066
20170315,9.42,9.48,9.42,9.48,54656086,515943748
20170316,9.48,9.53,9.45,9.52,63595381,603450064
20170317,9.45,9.46,9.3,9.31,158364708,1482736995
20170320,9.29,9.31,9.22,9.25,71502177,661887015
20170321,9.25,9.26,9.2,9.24,55464874,511914333
20170322,9.2,9.22,9.14,9.16,56612363,519331026
20170323,9.16,9.24,9.15,9.2,43358829,398986562
20170324,9.2,9.24,9.16,9.19,71082787,653533829
20170327,9.12,9.19,9.08,9.14,98501205,900094460
20170328,9.16,9.17,9.1,9.12,48137276,439405816
20170329,9.13,9.15,9.09,9.11,60114068,548060692
20170330,9.12,9.12,9.06,9.08,68728555,623995512
20170331,9.08,9.18,9.08,9.17,63312122,578579035
20170405,9.16,9.22,9.15,9.21,49915009,458567834
20170406,9.2,9.22,9.17,9.2,43439147,399118983
20170407,9.19,9.22,9.17,9.2,51484476,473366404
20170410,9.2,9.21,9.17,9.18,40134394,368682024
20170411,9.17,9.19,9.09,9.15,61243796,560304072
20170412,9.16,9.17,9.1,9.12,45533653,416101249
20170413,9.11,9.14,9.1,9.12,35744255,325949861
20170414,9.11,9.12,9.06,9.08,49050050,445637458
20170417,9.08,9.11,9.05,9.1,53189218,483130499
20170418,9.09,9.1,9.05,9.05,33537696,304162860
20170419,9.03,9.04,8.9,8.91,79966857,714963673
20170420,8.9,8.94,8.89,8.92,43762999,390063543
20170421,8.92,8.99,8.9,8.97,32540817,291126076
20170424,8.97,8.98,8.89,8.93,39499527,352926394
20170425,8.93,9.01,8.93,9,37793334,339230143
20170426,9,9.01,8.96,8.99,38214706,343316092
20170427,8.97,8.98,8.91,8.97,38739256,346186989
20170428,8.96,8.99,8.92,8.99,28644636,256106698
20170502,8.96,8.96,8.9,8.94,31102610,277665881
20170503,8.92,8.93,8.89,8.91,28031077,249660877
20170504,8.89,8.89,8.72,8.74,69651707,613783434
20170505,8.74,8.76,8.58,8.63,62370085,539541739
20170508,8.6,8.62,8.54,8.57,46008989,394424117
20170509,8.56,8.64,8.55,8.64,32419446,279119676
20170510,8.63,8.8,8.62,8.67,57307768,498675307
20170511,8.65,8.72,8.6,8.7,50364355,436444282
20170512,8.68,8.9,8.64,8.9,91796819,809131900
20170515,8.89,8.95,8.81,8.86,53657821,476417671
20170516,8.84,8.85,8.73,8.84,52487233,461069300
20170517,8.81,8.81,8.75,8.77,41733802,365987542
20170518,8.72,8.77,8.71,8.73,22740112,198765579
20170519,8.74,8.76,8.68,8.69,29427084,256396867
20170522,8.68,8.73,8.61,8.68,67912005,588546725
20170523,8.67,8.84,8.64,8.79,80004019,702123772
20170524,8.78,8.83,8.68,8.81,53237669,466560635
20170525,8.79,9.14,8.78,9.1,162154374,1462763018
20170526,9.08,9.13,9.04,9.1,89536576,813387170
20170531,9.1,9.23,9.06,9.2,103321095,948741889
20170601,9.2,9.23,9.12,9.19,56618276,519544675
20170602,9.18,9.29,9.14,9.17,77075706,710119498
20170605,9.13,9.17,8.99,9.03,63413269,573460396
20170606,9.01,9.06,8.99,9.04,35534153,320520904
20170607,9.02,9.15,9.01,9.13,64572325,587357671
20170608,9.11,9.15,9.08,9.13,38300448,348860774
20170609,9.15,9.22,9.12,9.15,68546808,628281688
20170612,9.15,9.19,9.1,9.11,50457816,461493689
20170613,9.11,9.14,9.05,9.12,44843497,407876695
20170614,9.12,9.13,9.04,9.08,37544431,340596135
20170615,9.08,9.08,9.03,9.04,33779789,305610500
20170616,9.04,9.08,9.01,9.02,28599104,258559005
20170619,9.03,9.15,9.02,9.13,48970481,446000772
20170620,9.12,9.16,9.09,9.12,31361560,286053883
20170621,9.17,9.18,9.11,9.15,49693219,454488888
20170622,9.15,9.4,9.14,9.25,142695815,1325210564
20170623,9.23,9.27,9.16,9.25,58400441,538303574
20170626,9.26,9.4,9.26,9.3,71076995,663762850
20170627,9.3,9.39,9.27,9.36,54601613,509162008
20170628,9.35,9.49,9.33,9.43,116879622,1102438099
20170629,9.43,9.45,9.37,9.43,48880457,459810415
20170630,9.4,9.43,9.31,9.39,49963349,468003516
20170703,9.4,9.43,9.34,9.4,38834937,364465847
20170704,9.4,9.41,9.3,9.34,48836253,456577021
20170705,9.29,9.38,9.27,9.37,56772000,529294114
20170706,9.36,9.41,9.31,9.4,73891186,691387184
20170707,9.37,9.48,9.34,9.47,76036958,717084352
20170710,9.45,9.66,9.44,9.59,136081591,1303090005
20170711,9.61,10.46,9.61,10.25,381208660,3842010171
20170712,10.27,10.58,10.2,10.34,299884401,3113681338
20170713,10.3,10.9,10.24,10.9,299453432,3180144566
20170714,10.81,10.94,10.66,10.9,172257026,1864449201
20170717,10.95,11.33,10.72,10.81,327312315,3608692279
20170718,10.75,11.14,10.62,11.05,234943191,2558433986
20170719,10.99,11.19,10.88,11.09,193307592,2131336294
20170720,11.08,11.22,10.91,10.97,153733858,1695060974
20170721,10.83,10.95,10.69,10.89,150102000,1625416436
20170724,10.82,11.06,10.73,10.95,169266444,1846886678
20170725,10.98,11.27,10.95,11,195476835,2172114597
20170726,10.92,11.18,10.66,10.74,169741211,1846282151
20170727,10.72,10.77,10.53,10.59,119449040,1273888886
20170728,10.61,10.81,10.58,10.74,81919535,877769279
20170731,10.8,10.82,10.45,10.67,157586439,1671814035
20170801,10.64,11.08,10.6,11.04,203570991,2222887933
20170802,11.05,11.34,10.96,11.15,206206907,2307726682
20170803,11.14,11.22,10.97,11.01,98421938,1090954131
20170804,11,11.29,10.93,11.17,135395156,1511389828
20170807,11.06,11.17,10.9,11,86064427,946975699
20170808,11,11.11,10.91,11.05,68956744,758872028
20170809,10.96,11.02,10.68,10.73,104232181,1126512107
20170810,10.7,10.82,10.54,10.62,95987996,1026676005
20170811,10.48,10.54,9.99,10.02,244064335,2501779371
20170814,10.13,10.25,10.04,10.22,115766464,1175479138
20170815,10.24,10.51,10.21,10.31,107516235,1116749994
20170816,10.29,10.37,10.15,10.34,75680602,778517621
20170817,10.35,10.42,10.29,10.42,55364211,573093949
20170818,10.36,10.6,10.29,10.44,61652041,643188717
20170821,10.43,10.52,10.39,10.46,39915487,417653110
20170822,10.48,10.66,10.37,10.65,87568181,922881865
20170823,10.63,10.98,10.59,10.9,131915190,1430051908
20170824,10.89,11.11,10.84,10.93,92424863,1014933651
20170825,10.94,11.17,10.9,11.11,96394000,1068994547
20170828,11.1,11.54,11.1,11.35,160393832,1828380086
20170829,11.3,11.74,11.28,11.67,135798373,1569230034
20170830,11.68,11.7,11.35,11.43,109667476,1264128140
20170831,11.39,11.44,11.15,11.28,115178646,1297730595
20170901,11.28,11.39,11.15,11.21,95997689,1080996319
20170904,11.18,11.72,11.17,11.72,135232557,1551875033
20170905,11.68,11.94,11.6,11.64,128751876,1513759541
20170906,11.59,11.88,11.48,11.7,79162155,925519043
20170907,11.65,11.75,11.39,11.44,61418724,711036421
20170908,11.46,11.64,11.38,11.49,48127615,553644520
20170911,11.54,11.69,11.3,11.38,69947275,801825014
20170912,11.38,11.54,11.27,11.54,84618342,962032172
20170913,11.49,11.54,11.34,11.43,66823742,765028184
20170914,11.43,11.59,11.24,11.32,88308777,1005775578
20170915,11.29,11.32,11.15,11.29,64609481,726061100
20170918,11.25,11.32,11.2,11.25,60761296,684223023
20170919,11.25,11.34,11.08,11.13,76421262,853815999
20170920,11.14,11.37,11.05,11.29,78715469,884640964
20170921,11.26,11.51,11.2,11.46,69240793,788605300
20170922,11.43,11.52,11.31,11.44,59392762,677622489
20170925,11.44,11.45,11.18,11.29,53239104,602270302
20170926,11.26,11.3,10.96,11.05,96746090,1074228193
20170927,11.01,11.08,10.9,10.93,72718820,798377280
20170928,10.98,10.98,10.82,10.88,51722002,563485127
20170929,10.92,11.16,10.86,11.11,68228010,753852534
20171009,11.57,11.64,11.26,11.3,132522731,1520609511
20171010,11.33,11.5,11.33,11.47,74792530,853665849
20171011,11.48,11.58,11.34,11.53,65807758,756203405
20171012,11.54,11.58,11.47,11.55,57806531,667148377
20171013,11.56,11.56,11.25,11.36,73737596,839662734
20171016,11.36,11.6,11.29,11.59,103625064,1190724204
20171017,11.62,11.65,11.48,11.51,50637234,585333998
20171018,11.53,11.7,11.51,11.69,87136536,1011050927
20171019,11.64,11.72,11.57,11.63,72276482,841546799
20171020,11.59,11.59,11.41,11.48,46180808,529747048
20171023,11.39,11.4,11.15,11.19,107446502,1206888281
20171024,11.2,11.42,11.18,11.39,61887194,700896871
20171025,11.36,11.37,11.25,11.27,41857360,472708177
20171026,11.25,11.32,11.12,11.18,92899607,1041707022
20171027,11.19,11.56,11.18,11.56,136008642,1548543731
20171030,11.55,11.73,11.45,11.56,127824694,1484495472
20171031,11.55,11.58,11.39,11.54,62749138,721237474
20171101,11.56,11.59,11.32,11.4,69261790,792881042
20171102,11.36,11.58,11.26,11.54,60430848,689229873
20171103,11.49,11.68,11.35,11.39,74334322,852032107
20171106,11.42,11.42,11.09,11.28,102990281,1157303985
20171107,11.27,12.09,11.25,11.92,247716326,2914269160
20171108,12,12.59,11.93,12.13,426282573,5199224276
20171109,12.2,12.57,12.15,12.33,229528934,2839861735
20171110,12.37,12.55,12.15,12.3,175755227,2167126597
20171113,12.35,13.1,12.35,12.9,256690623,3307955288
20171114,12.95,13.26,12.81,12.95,178030247,2318092534
20171115,12.9,13.13,12.77,12.9,126305227,1627912725
20171116,12.9,13.12,12.67,13.1,120081480,1550701791
20171117,13.17,13.46,13.03,13.18,206414972,2731215933
20171120,13.13,14.25,13.05,14.25,284392582,3860145472
20171121,14.07,14.79,14.01,14.45,249532781,3609849024
20171122,14.48,15.24,14.48,15.1,257023146,3839501153
20171123,15.15,15.24,14.07,14.35,242914214,3562843399
20171124,14.29,14.59,13.78,14.56,263018967,3732597275
20171127,14.3,14.3,13.75,13.93,206408533,2878491901
20171128,13.85,13.85,13.4,13.7,176643250,2396540133
20171129,13.73,13.93,13.47,13.82,156409493,2148312654
20171130,13.7,13.73,13.26,13.38,137963571,1866700884
20171201,13.4,13.48,12.96,13,178493315,2354299656
20171204,13.05,13.37,13,13.3,145402345,1923315712
20171205,13.15,13.49,13.1,13.3,172368132,2301867653
20171206,13.26,13.27,12.79,13.08,161984496,2104168537
20171207,13.05,13.14,12.75,12.83,118195784,1526953344
20171208,12.89,13.09,12.75,13.09,135131504,1751423112
20171211,13.08,13.57,12.88,13.5,226195273,2980735572
20171212,13.4,13.48,13.02,13.02,174340579,2302354901
20171213,13,13.2,12.88,13.13,128924811,1679022035
20171214,13.15,13.31,12.91,13,100199798,1311131917
20171215,12.9,12.93,12.67,12.72,109995250,1405372004
20171218,12.73,12.91,12.64,12.75,80546452,1029422753
20171219,12.79,13.32,12.74,13.28,239794295,3138687565
20171220,13.2,13.31,13.13,13.26,110624507,1463802116
20171221,13.18,13.68,13.16,13.54,148520344,2005617683
20171222,13.5,13.63,13.45,13.52,74290095,1004525768
20171225,13.52,13.86,13.16,13.25,158556718,2145040658
20171226,13.26,13.69,13.19,13.66,112368845,1510826264
20171227,13.58,13.78,13.19,13.29,136656673,1848165006
20171228,13.28,13.46,13.02,13.21,155303047,2052944539
20171229,13.21,13.43,13.1,13.3,98291553,1303222040
20180102,13.35,13.93,13.32,13.7,208159255,2856543822
20180103,13.73,13.86,13.2,13.33,296249838,4006220766
20180104,13.32,13.37,13.13,13.25,185450948,2454543516
20180105,13.21,13.35,13.15,13.3,121031272,1603289517
20180108,13.25,13.29,12.86,12.96,215862081,2806099169
20180109,12.96,13.2,12.92,13.08,134434509,1754315792
20180110,13.04,13.49,12.92,13.47,240327736,3196055830
20180111,13.41,13.59,13.27,13.4,144387781,1937494294
20180112,13.45,13.68,13.41,13.55,135399140,1833435672
20180115,13.51,14.33,13.5,14.2,312239448,4376707088
20180116,14.17,14.38,14.02,14.2,244454900,3479177087
20180117,14.33,14.8,14.2,14.23,265629401,3849312882
20180118,14.4,14.72,14.28,14.72,214802680,3120455742
20180119,14.8,15.13,14.68,14.8,257114669,3832857440
20180122,14.6,14.94,14.43,14.44,207386714,3032799070
20180123,14.36,14.9,14.33,14.65,238879170,3492462005
20180124,14.66,15.08,14.5,14.64,259129212,3838734922
20180125,14.45,14.47,14,14.2,236998459,3360822344
20180126,14.18,14.34,14.02,14.05,203298865,2885104627
20180129,14.05,14.25,13.6,13.74,209054668,2911452095
20180130,13.7,13.84,13.55,13.65,109473986,1497708872
20180131,13.6,14.05,13.53,14.05,174772914,2423104767
20180201,13.95,14.3,13.84,14.03,200561475,2821583609
20180202,13.91,14.1,13.63,14.05,117651271,1637619618
20180205,13.8,14.57,13.73,14.55,233199790,3326355314
20180206,14.23,14.33,13.93,14,258287204,3641294710
20180207,14.22,14.3,12.76,12.92,334571697,4521586590
20180208,12.83,12.92,12.53,12.54,213781506,2711464886
20180209,12.08,12.08,11.38,11.69,282494975,3308553501
20180212,11.78,11.84,11.56,11.72,122878244,1439644312
20180213,11.87,12.21,11.84,11.94,129817869,1562420005
20180214,11.96,12.03,11.76,12,86419024,1030474410
20180222,12.25,12.53,12.25,12.46,126840607,1573562575
20180223,12.58,12.79,12.45,12.61,101366320,1278185721
20180226,12.77,12.85,12.45,12.63,104575874,1318960463
20180227,12.64,12.7,12.19,12.28,128586906,1590018492
20180228,12.1,12.19,11.93,12.05,121414559,1463313702
20180301,11.92,12.15,11.9,12.04,88695718,1069354491
20180302,11.92,12.04,11.85,11.95,66312416,791736473
20180305,11.93,12.08,11.8,11.86,75418313,897244265
20180306,11.95,12.11,11.77,12.1,115016249,1373438382
20180307,12.15,12.34,12.04,12.05,142757032,1744085270
20180308,12.05,12.15,11.95,12.11,68975503,832153697
20180309,12.15,12.2,11.98,12.09,94387697,1139043574
20180312,12.15,12.17,11.95,12.03,126870132,1526643478
20180313,12.04,12.22,12,12.02,108226732,1309543466
20180314,11.98,12,11.83,11.92,63559413,757090756
20180315,11.79,11.85,11.66,11.71,115569473,1356878634
20180316,11.72,11.85,11.64,11.64,96298338,1130784170
20180319,11.66,11.84,11.61,11.83,80853872,947664744
20180320,11.74,11.88,11.72,11.82,77615002,916858475
20180321,11.95,12.12,11.85,11.9,144510951,1736437401
20180322,11.9,11.97,11.62,11.66,98427842,1155741055
20180323,11.25,11.35,10.92,11.34,182569075,2037734400
20180326,11.15,11.2,10.86,10.93,138359851,1519435011
20180327,11.1,11.17,10.86,10.94,110393361,1213989931
20180328,10.85,11.14,10.79,10.89,109902339,1201023442
20180329,10.92,11.17,10.55,11.05,133060238,1445281829
20180330,11.04,11.05,10.88,10.9,75217368,823438180
20180402,10.87,10.99,10.7,10.71,110931643,1200911980
20180403,10.6,10.67,10.51,10.56,89074565,942237800
20180404,10.68,11.01,10.6,10.87,160248873,1737258898
20180409,10.8,11.1,10.73,11.02,107479576,1180084371
20180410,11.02,11.46,10.97,11.42,139095079,1562265089
20180411,11.39,11.92,11.38,11.83,209597045,2458982163
20180412,11.8,11.83,11.42,11.52,117312818,1364675848
20180413,11.64,11.79,11.45,11.57,130025597,1516155527
20180416,11.47,11.47,11.03,11.1,142707281,1593706086
20180417,11.12,11.45,11.11,11.21,130189172,1468159349
20180418,11.45,11.61,11.28,11.5,147584533,1692722923
20180419,11.52,11.69,11.42,11.47,84913183,979593564
20180420,11.51,11.58,11.2,11.35,95869066,1090801311
20180423,11.3,11.61,11.26,11.57,107028935,1228544006
20180424,11.63,11.94,11.58,11.86,146109880,1725152198
20180425,11.76,11.81,11.63,11.68,73028648,854713248
20180426,11.66,11.69,11.31,11.42,87423591,1002483154
20180427,11.49,11.51,10.63,10.85,270979568,2958464277
20180502,10.97,11.03,10.8,10.88,119052318,1295804420
20180503,10.86,10.88,10.57,10.75,128135557,1372765845
20180504,10.73,10.83,10.66,10.68,71050952,761302468
20180507,10.7,10.83,10.64,10.81,97430967,1046743101
20180508,10.83,11.15,10.8,11.01,137330568,1511546681
20180509,10.98,11.03,10.88,10.97,62765613,687036874
20180510,11.03,11.09,10.91,11.01,55273588,607349997
20180511,11.04,11.13,10.96,11.01,77236966,853271166
20180514,11.09,11.23,11.03,11.18,103929716,1158064201
20180515,11.18,11.19,11.02,11.12,66926144,742590447
20180516,11.07,11.07,10.89,10.9,71436208,782694669
20180517,10.91,10.94,10.78,10.82,58649438,635675440
20180518,10.81,10.97,10.76,10.96,57838477,628250184
20180521,11.07,11.11,10.93,10.95,76353357,838750577
20180522,10.95,10.98,10.79,10.86,58987185,639815249
20180523,10.82,10.82,10.62,10.65,99101629,1058587812
20180524,10.66,10.68,10.58,10.61,68815202,730678763
20180525,10.61,10.67,10.55,10.59,59333567,629735450
20180528,10.58,10.66,10.51,10.59,56940092,602590746
20180529,10.58,10.63,10.35,10.38,88949497,930386966
20180530,10.29,10.29,10.05,10.08,112444704,1139918753
20180531,10.11,10.19,10.02,10.18,98736038,999216332
20180601,10.15,10.29,10.07,10.19,59721116,608398867
20180604,10.23,10.31,10.15,10.27,59303835,608291978
20180605,10.29,10.3,10.11,10.26,65654075,670740302
20180606,10.25,10.26,10.1,10.14,71274341,724032796
20180607,10.2,10.46,10.18,10.37,126263820,1306425478
20180608,10.33,10.33,10.06,10.12,109937982,1114968856
20180611,10.06,10.13,10,10.04,72137498,724687998
20180612,10.03,10.08,9.95,10.06,91330072,914001701
20180613,10.04,10.06,9.95,9.95,53058431,530483756
20180614,9.95,10.15,9.92,10.07,86639201,872487574
20180615,10.08,10.29,10.06,10.17,124870788,1273412999
20180619,10.05,10.15,9.82,9.87,156587447,1565756559
20180620,9.87,9.95,9.76,9.91,76363731,752950700
20180621,9.93,10.04,9.86,9.86,84007077,836014838
20180622,9.8,9.87,9.77,9.85,65781851,645752909
20180625,9.91,9.92,9.38,9.46,119521260,1154559080
20180626,9.39,9.44,9.09,9.36,112415694,1042528543
20180627,9.31,9.4,9.03,9.09,104514268,958871648
20180628,8.95,9.08,8.87,8.92,111076403,996801234
20180629,9.01,9.13,8.96,9.09,67529968,611346088
20180702,9.05,9.05,8.55,8.61,131552013,1158545868
20180703,8.69,8.7,8.45,8.67,127483857,1096657033
20180704,8.63,8.75,8.61,8.61,71115337,617278559
20180705,8.62,8.73,8.55,8.6,83576877,722169579
20180706,8.61,8.78,8.45,8.66,98828269,852071526
20180709,8.69,9.03,8.68,9.03,140995460,1255007609
20180710,9.02,9.02,8.89,8.98,89686202,803038965
20180711,8.76,8.83,8.68,8.78,85129670,744765824
20180712,8.6,8.97,8.58,8.88,114049231,1008658828
20180713,8.92,8.94,8.82,8.88,60337821,535401175
20180716,8.85,8.9,8.69,8.73,68984558,603427713
20180717,8.74,8.75,8.66,8.72,37535633,326396994
20180718,8.75,8.85,8.69,8.7,52515277,460697377
20180719,8.75,8.81,8.69,8.73,46137239,403674308
20180720,8.73,9.2,8.61,9.11,175427740,1576843937
20180723,9.04,9.45,9,9.42,178168826,1646028021
20180724,9.39,9.59,9.33,9.4,142589416,1348746826
20180725,9.44,9.47,9.33,9.38,61412281,575752176
20180726,9.4,9.48,9.21,9.25,83335815,778429753
20180727,9.3,9.36,9.18,9.25,51512603,477527419
20180730,9.32,9.49,9.26,9.39,70638597,661767547
20180731,9.37,9.49,9.25,9.42,72015080,674484650
20180801,9.42,9.5,9.11,9.15,81408168,759282229
20180802,9.13,9.15,8.88,8.94,93140128,839272254
20180803,8.93,9.1,8.91,8.91,47654662,428641526
20180806,8.94,9.11,8.89,8.94,55401008,497906686
20180807,8.96,9.17,8.88,9.17,69042319,624359656
20180808,9.16,9.16,9.04,9.05,57895316,527526989
20180809,9.04,9.35,9.02,9.29,80678377,746469808
20180810,9.3,9.32,9.16,9.23,42416836,391366341
20180813,9.12,9.16,8.9,9.05,81849112,736947790
20180814,9.03,9.04,8.94,9,43024036,386334617
20180815,9.02,9.02,8.75,8.79,67044285,594759517
20180816,8.73,8.89,8.64,8.78,63827255,559523123
20180817,8.88,8.94,8.78,8.81,64947656,576683267
20180820,8.9,9.02,8.87,9,68132206,609934725
20180821,9.02,9.26,9.01,9.23,126447447,1163292795
20180822,9.24,9.34,9.13,9.29,98243398,909598743
20180823,9.3,9.42,9.23,9.36,72907462,680941392
20180824,9.31,10.28,9.29,10.03,304040839,2995071976
20180827,10.02,10.43,9.97,10.43,221842422,2251527721
20180828,10.34,10.43,10.24,10.29,128977724,1331917860
20180829,10.25,10.33,10.15,10.27,90188349,923581546
20180830,10.27,10.35,10.08,10.12,99491773,1013877514
20180831,10.13,10.32,10.1,10.13,131086524,1337898869
20180903,10.09,10.3,10.09,10.19,71169567,725303291
20180904,10.2,10.55,10.07,10.43,129634208,1339756563
20180905,10.3,10.33,10.05,10.05,117945317,1202345697
20180906,10.05,10.14,9.95,9.97,71177755,713975749
20180907,10.04,10.18,9.93,10.01,80903534,815151722
20180910,10.01,10.07,9.84,9.88,63698929,631174169
20180911,9.9,10.03,9.81,9.91,71296751,707337570
20180912,9.87,9.97,9.82,9.88,56482916,558399563
20180913,10.09,10.1,9.84,9.96,99972561,993389970
20180914,9.98,9.98,9.81,9.84,61975019,611422480
20180917,9.8,9.8,9.68,9.69,51708233,502609643
20180918,9.73,10.12,9.7,10.08,112680742,1120867543
20180919,10.03,10.34,10.03,10.24,123154877,1257191505
20180920,10.27,10.36,10.19,10.23,62034836,636742814
20180921,10.26,10.7,10.18,10.67,162451841,1707850487
20180925,10.52,10.68,10.48,10.55,97701470,1030715785
20180926,10.61,10.92,10.52,10.71,149051343,1600626208
20180927,10.65,10.84,10.57,10.74,88036333,942200398
20180928,10.78,11.27,10.78,11.05,211024267,2331358288
20181008,10.7,10.79,10.45,10.45,168635852,1793455283
20181009,10.46,10.7,10.39,10.56,106408426,1117946550
20181010,10.54,10.66,10.38,10.45,99520008,1045666180
20181011,10.05,10.16,9.7,9.86,199514383,1994186611
20181012,9.97,10.34,9.87,10.3,151681028,1532651400
20181015,10.39,10.47,10.09,10.11,140268530,1443043059
20181016,10.14,10.54,10.12,10.37,139692105,1450020371
20181017,10.5,10.55,10.14,10.33,135088983,1400306336
20181018,10.29,10.29,10.06,10.09,100115605,1015654821
20181019,9.95,10.78,9.92,10.76,208366732,2173571254
20181022,10.81,11.46,10.78,11.15,264554312,2932714470
20181023,11.2,11.22,10.73,10.84,160254592,1759265958
20181024,10.9,11.33,10.8,11.04,182942464,2026171911
20181025,10.8,11.29,10.71,11.29,168501136,1855823739
20181026,11.29,11.31,10.96,11.18,129997510,1448843512
20181029,11.2,11.24,10.62,10.75,159162878,1725932497
20181030,10.78,11.08,10.73,10.9,150182786,1641371787
20181031,10.95,10.99,10.75,10.91,115268379,1252156775
20181101,10.99,11.05,10.76,10.83,154277632,1679443449
20181102,11.04,11.16,10.83,11.09,221292287,2439179135
20181105,10.95,11.04,10.82,10.92,129192417,1409457171
20181106,10.87,10.93,10.73,10.84,73572574,795322638
20181107,10.83,10.95,10.75,10.81,78559741,851487053
20181108,10.88,10.97,10.82,10.89,79397600,864744243
20181109,10.71,10.73,10.4,10.55,162926917,1716198382
20181112,10.46,10.58,10.38,10.56,92033388,965756504
20181113,10.41,10.65,10.38,10.54,107249762,1126736143
20181114,10.53,10.55,10.42,10.44,77423985,810357748
20181115,10.44,10.64,10.42,10.62,90146198,949991801
20181116,10.61,10.72,10.49,10.57,105959259,1123173219
20181119,10.57,10.88,10.57,10.85,136088709,1466899416
20181120,10.75,10.8,10.52,10.57,103387753,1099654683
20181121,10.5,10.67,10.48,10.61,66615733,705638355
20181122,10.67,10.67,10.48,10.55,50026785,527103281
20181123,10.53,10.58,10.31,10.32,70035815,730667665
20181126,10.34,10.46,10.3,10.34,51656911,535963342
20181127,10.35,10.39,10.16,10.18,73344838,752824120
20181128,10.17,10.31,10.16,10.28,53775145,550820246
20181129,10.35,10.39,10.19,10.2,48528405,499068827
20181130,10.22,10.36,10.17,10.36,59471532,610571532
20181203,10.59,10.66,10.47,10.59,106409717,1126374829
20181204,10.57,10.62,10.53,10.59,53481305,565743744
20181205,10.49,10.51,10.4,10.45,58154527,608133290
20181206,10.36,10.37,10.23,10.25,57886648,594649682
20181207,10.3,10.39,10.27,10.28,34021615,351101370
20181210,10.22,10.27,10.13,10.17,49481887,504040653
20181211,10.21,10.26,10.17,10.23,29908962,305389210
20181212,10.3,10.32,10.2,10.24,36637903,375402863
20181213,10.25,10.48,10.2,10.39,79084521,819920689
20181214,10.34,10.35,10.16,10.17,52667513,539263012
20181217,10.16,10.33,10.1,10.29,57127487,584679512
20181218,10.2,10.32,10.1,10.12,53774430,547157562
20181219,10.14,10.18,9.9,9.94,59800701,600090171
20181220,9.92,9.97,9.63,9.71,99028479,964202861
20181221,9.68,9.7,9.33,9.45,100061676,944460332
20181224,9.4,9.45,9.31,9.42,50911767,477186904
20181225,9.29,9.43,9.21,9.34,58661545,545235607
20181226,9.35,9.42,9.27,9.3,42114060,393215140
20181227,9.45,9.49,9.28,9.28,62459327,586343755
20181228,9.31,9.46,9.31,9.38,57660400,541571004
20190102,9.39,9.42,9.16,9.19,53938632,498695109
20190103,9.18,9.33,9.15,9.28,41553795,384457707
20190104,9.24,9.82,9.22,9.75,148115906,1422149888
20190107,9.84,9.85,9.63,9.74,86568766,841166430
20190108,9.73,9.74,9.62,9.66,40238811,389247795
20190109,9.74,10.08,9.7,9.94,123348636,1229465116
20190110,9.87,10.2,9.86,10.1,107181766,1079711035
20190111,10.11,10.22,10.05,10.2,69636455,708001802
20190114,10.22,10.25,10.07,10.11,50044359,507862882
20190115,10.11,10.28,10.09,10.24,54216055,553027309
20190116,10.24,10.5,10.23,10.48,97769937,1017495116
20190117,10.54,10.57,10.17,10.25,88281192,910212066
20190118,10.34,10.49,10.28,10.43,73879326,769973637
20190121,10.34,10.47,10.32,10.34,65935576,684465646
20190122,10.34,10.44,10.26,10.28,42441357,438991450
20190123,10.29,10.47,10.29,10.35,53787663,559384396
20190124,10.4,10.55,10.37,10.52,67924088,711495718
20190125,10.56,11.04,10.55,11,210836185,2299718224
20190128,11.04,11.14,10.88,10.94,103590980,1141853833
20190129,10.96,11.07,10.77,11,82663110,904847854
20190130,10.95,11.18,10.86,10.95,71200101,785204571
20190131,10.98,11.2,10.94,11.1,83162275,922602874
20190201,11.2,11.25,10.96,11.2,101427007,1127216186
20190211,11.08,11.21,10.97,11.21,80193663,889951528
20190212,11.2,11.31,11.03,11.19,95993690,1071873084
20190213,11.19,11.41,11.12,11.38,113736574,1280182096
20190214,11.3,11.33,11.19,11.25,86918519,977818097
20190215,11.23,11.23,10.9,10.95,110012746,1213914428
20190218,11.05,11.36,11.04,11.36,125552221,1408279680
20190219,11.36,11.62,11.24,11.27,127088204,1445281382
20190220,11.33,11.53,11.25,11.41,83262987,949430819
20190221,11.38,11.55,11.28,11.36,75424648,860591070
20190222,11.35,11.57,11.15,11.54,118404779,1343020336
20190225,11.7,12.64,11.57,12.55,282493502,3415946860
20190226,12.55,12.57,12.15,12.2,201754493,2485673356
20190227,12.24,12.66,12.15,12.4,197901388,2454404411
20190228,12.44,12.61,12.27,12.36,111309980,1383110810
20190301,12.48,12.78,12.2,12.76,171267916,2137669556
20190304,12.7,13.38,12.62,12.99,245683039,3195011702
20190305,12.91,13.29,12.84,13.06,140842222,1838251656
20190306,13.06,13.15,12.84,13.08,124576020,1614670974
20190307,13.06,13.06,12.55,12.74,178205731,2274151007
20190308,12.49,12.7,12.25,12.3,177816210,2214572416
20190311,12.3,12.49,12.05,12.32,115765077,1416000379
20190312,12.49,12.64,12.24,12.36,141179492,1757797250
20190313,12.34,12.55,12.13,12.37,126942716,1568387543
20190314,12.33,12.62,12.27,12.43,105746790,1316372926
20190315,12.34,12.68,12.34,12.5,104540603,1311323009
20190318,12.53,12.94,12.32,12.91,148645480,1882483633
20190319,12.92,12.94,12.61,12.79,95719646,1221118294
20190320,12.68,12.88,12.62,12.75,92999638,1185477058
20190321,12.77,12.8,12.58,12.69,86014080,1092506482
20190322,12.69,12.74,12.5,12.59,71350206,898629416
20190325,12.4,12.4,12.1,12.11,117988326,1445560160
20190326,12.23,12.29,12.01,12.1,93539327,1136721266
20190327,12.24,12.47,12.18,12.38,92282680,1138302657
20190328,12.31,12.31,12.1,12.22,73246744,892530627
20190329,12.26,12.82,12.21,12.82,166950647,2108295393
20190401,12.83,13.55,12.83,13.18,195140119,2588268668
20190402,13.28,13.48,13.23,13.36,110038404,1466040987
20190403,13.21,13.45,13.15,13.44,79291579,1056166231
20190404,13.43,14,13.43,13.86,203436500,2796366353
20190408,13.9,14.43,13.72,13.96,174317620,2464536241
20190409,13.87,13.98,13.75,13.81,78133238,1080549202
20190410,13.75,13.88,13.4,13.73,94713506,1289475602
20190411,13.73,13.96,13.49,13.54,65535662,897382236
20190412,13.49,13.59,13.21,13.42,77432464,1035139673
20190415,13.72,14.09,13.66,13.69,153389068,2134708981
20190416,13.67,14.58,13.55,14.58,237937518,3379550307
20190417,14.42,14.59,14.23,14.35,100410987,1443493493
20190418,14.3,14.37,14.11,14.34,50704530,721908800
20190419,14.45,14.8,14.3,14.73,124603609,1814875936
20190422,14.6,14.84,14.08,14.15,132227390,1899850004
20190423,14.1,14.2,13.97,14.07,94068734,1326465625
20190424,14.45,14.6,14.16,14.44,194972363,2811131027
20190425,14.38,14.64,14.13,14.13,111147637,1597895217
20190426,14.08,14.25,13.7,13.79,100942124,1407987365
20190429,13.9,14.33,13.86,14.1,103069575,1450714134
20190430,13.99,14.05,13.59,13.85,111657027,1542958577
20190506,13.1,13.35,12.71,12.87,210866784,2742409411
20190507,13.03,13.09,12.72,12.95,107265841,1386247078
20190508,12.72,12.91,12.5,12.6,97545081,1236655982
20190509,12.52,12.58,12.05,12.16,155715161,1904905488
20190510,12.34,12.75,12.1,12.68,119239908,1489975624
20190513,12.33,12.54,12.23,12.3,74191779,916213719
20190514,12.2,12.75,12.16,12.49,118259819,1477008362
20190515,12.58,13.11,12.57,12.92,110398851,1417050112
20190516,12.93,12.99,12.78,12.85,63490143,816740932
20190517,12.92,12.93,12.36,12.44,96500085,1208569909
20190520,12.35,12.54,12.25,12.38,78643518,971222474
20190521,12.4,12.73,12.36,12.56,73121051,919191240
20190522,12.57,12.57,12.32,12.4,50623072,628437470
20190523,12.24,12.42,12.14,12.29,66685543,817850530
20190524,12.35,12.45,12.31,12.35,49552620,613106248
20190527,12.21,12.42,11.93,12.37,104842598,1275632724
20190528,12.31,12.55,12.26,12.49,88070312,1094063186
20190529,12.36,12.59,12.26,12.4,66641150,827828661
20190530,12.32,12.38,12.11,12.22,64628465,787801007
20190531,12.16,12.4,12.11,12.18,68679439,839375709
20190603,12.22,12.33,11.82,11.9,151271905,1816591876
20190604,11.89,11.94,11.6,11.85,97465534,1147709578
20190605,11.97,12.14,11.92,11.97,74889231,899331716
20190606,11.97,12.07,11.89,11.92,43366526,519425127
20190610,12.01,12.47,11.98,12.34,114466882,1404223620
20190611,12.34,12.72,12.3,12.65,125108751,1574105212
20190612,12.63,12.66,12.44,12.57,65731018,825178004
20190613,12.54,12.68,12.43,12.59,53000026,666277695
20190614,12.59,12.69,12.45,12.49,48319173,606815214
20190617,12.48,12.79,12.48,12.67,61981588,786223580
20190618,12.67,12.85,12.59,12.8,48355512,616237571
20190619,13.29,13.39,13.01,13.07,114322639,1504997837
20190620,13.17,13.95,13.12,13.8,152919147,2083209238
20190621,13.76,13.87,13.58,13.64,101112915,1384099587
20190624,13.69,13.83,13.61,13.69,65957285,904433349
20190625,13.72,13.72,13.07,13.43,146922707,1954855785
20190626,13.27,13.5,13.19,13.37,54650476,731207282
20190627,13.5,13.85,13.45,13.71,92507494,1270042461
20190628,13.73,13.79,13.58,13.78,49809369,682679970
20190701,14.01,14.18,13.87,13.93,96063600,1347792874
20190702,13.88,14.24,13.86,14.18,105274486,1481211353
20190703,14.18,14.21,13.87,14.01,76907849,1076744400
20190704,14.01,14.28,13.88,13.99,62129252,873624287
20190705,13.95,13.98,13.69,13.92,74919609,1037357175
20190708,13.82,13.88,13.45,13.59,77841390,1061095712
20190709,13.63,13.71,13.44,13.59,49429611,670391720
20190710,13.61,13.7,13.49,13.56,35822079,487071876
20190711,13.68,13.78,13.53,13.54,48418314,660588299
20190712,13.6,14.23,13.58,14.12,146536652,2055749881
20190715,14.03,14.12,13.84,14,84128276,1175798104
20190716,13.97,13.99,13.71,13.75,72278079,998151578
20190717,13.7,13.81,13.61,13.69,41002063,561944451
20190718,13.65,13.81,13.56,13.67,42282622,578067487
20190719,13.74,14.08,13.68,13.99,86639070,1207316526
20190722,13.96,14.02,13.76,13.85,58228330,807249426
20190723,13.86,13.87,13.65,13.76,50400423,692328447
20190724,13.87,14.01,13.79,13.88,57027622,793387782
20190725,13.92,14.27,13.85,14.2,108782641,1534889645
20190726,14.18,14.25,14.08,14.23,63530571,901074107
20190729,14.25,14.45,14.18,14.29,71557619,1023261763
20190730,14.31,14.55,14.29,14.37,79663432,1148582412
20190731,14.3,14.32,14.08,14.13,63472348,899227865
20190801,14.06,14.19,13.94,14.1,52798128,742308285
20190802,13.77,13.88,13.66,13.74,96992646,1333400773
20190805,13.6,13.64,13.27,13.35,89308242,1201885399
20190806,13.1,13.46,13.03,13.37,88249913,1166971469
20190807,13.49,13.64,13.37,13.54,79303899,1070736943
20190808,13.9,14.5,13.85,14.38,233071504,3313302100
20190809,14.55,14.85,14.43,14.52,206057513,3021884306
20190812,14.61,15.12,14.6,15.12,273342547,4084497902
20190813,15,15.08,14.74,14.89,129373644,1925835288
20190814,15.14,15.22,14.8,14.97,136054654,2038261151
20190815,14.64,14.96,14.6,14.94,89737626,1333117725
20190816,15.09,15.14,14.78,14.9,98690293,1474900257
20190819,14.91,14.94,14.52,14.92,229295613,3368207935
20190820,14.92,15.2,14.77,14.99,192104150,2872304200
20190821,14.87,14.89,14.38,14.45,199013195,2902251100
20190822,14.4,14.45,14.2,14.31,135307158,1935208499
20190823,14.37,14.74,14.35,14.65,163686768,2388239081
20190826,14.42,14.5,14.15,14.25,141512254,2018498039
20190827,14.36,14.48,14.24,14.31,135671337,1948127123
20190828,14.26,14.28,14.05,14.27,82965768,1176329095
20190829,14.22,14.24,14.08,14.13,60903434,861177482
20190830,14.29,14.39,14.1,14.16,79850057,1136119659
20190902,14.15,14.5,14.11,14.45,136020130,1955673136
20190903,14.48,14.51,14.25,14.3,85865365,1230606485
20190904,14.32,14.5,14.31,14.44,97396487,1404037295
20190905,14.56,14.85,14.55,14.58,176805143,2599478258
20190906,14.71,14.81,14.62,14.81,98643280,1451264912
20190909,14.98,15,14.6,14.69,129983914,1918042303
20190910,14.6,14.64,14.41,14.55,79687064,1155180739
20190911,14.6,14.71,14.46,14.56,81861421,1192674258
20190912,14.66,14.78,14.53,14.68,115068764,1682911849
20190916,14.7,14.72,14.4,14.45,92989414,1349401481
20190917,14.36,14.45,14.18,14.24,88265575,1261416554
20190918,14.24,14.48,14.24,14.41,82043633,1179079988
20190919,14.48,14.89,14.48,14.84,188402083,2777383508
20190920,14.95,15.4,14.93,15.34,264428514,4020646521
20190923,15.34,15.47,15.18,15.38,140328200,2148740448
20190924,15.47,15.54,15.18,15.18,112910324,1726238272
20190925,15.2,15.85,15.19,15.75,193889272,3024598930
20190926,15.86,16.04,15.66,15.71,168659258,2673096951
20190927,15.85,16,15.7,15.9,100770627,1598567052
20190930,15.75,15.89,15.57,15.59,104636317,1645828526
20191008,15.6,16.23,15.6,16.2,138667636,2225024598
20191009,16.1,16.52,16.02,16.25,131669341,2145061763
20191010,16.27,16.27,15.99,16.24,87974662,1418751875
20191011,16.2,16.95,16.2,16.81,140542282,2335030599
20191014,16.97,17.6,16.92,17.22,155763745,2688929547
20191015,17.25,17.35,16.82,17.18,88195542,1503633369
20191016,17.26,17.44,16.63,16.79,126767121,2146150627
20191017,16.9,17,16.55,16.7,112618222,1887045621
20191018,16.8,17.04,16.43,16.51,119679914,1999012671
20191021,16.43,16.97,16.43,16.89,94595225,1589276085
20191022,16.91,16.93,16.03,16.42,188353143,3072547165
20191023,16.32,16.67,16.23,16.45,96753459,1590781971
20191024,16.5,17,16.44,16.87,110921477,1861032918
20191025,16.78,16.96,16.58,16.88,69143576,1161100080
20191028,16.98,17.04,16.48,16.66,107013113,1780873358
20191029,16.69,16.93,16.56,16.91,78886473,1322036352
20191030,16.8,16.96,16.42,16.43,85431717,1420644944
20191031,16.42,16.47,16.24,16.26,86256930,1407006434
20191101,16.35,17,16.28,16.86,125465544,2096068960
20191104,16.98,17.25,16.77,16.92,88982425,1507910818
20191105,16.8,17.44,16.79,17.15,117248589,2010924199
20191106,17.06,17.26,16.88,16.96,86332536,1470233502
20191107,16.93,17.07,16.75,16.89,71189699,1200671649
20191108,16.98,17.02,16.64,16.65,84913924,1421088326
20191111,16.5,16.53,16.2,16.28,95351563,1556517253
20191112,16.29,16.37,16.16,16.33,51626640,840769286
20191113,16.29,16.46,16.06,16.33,65512065,1067975601
20191114,16.43,16.48,16.25,16.32,46889955,767006342
20191115,16.39,16.55,16.24,16.34,56922798,933539572
20191118,16.35,16.55,16.23,16.45,55791841,915983935
20191119,16.45,16.48,16.31,16.41,56212040,920998203
20191120,16.3,16.3,15.77,15.85,172438353,2747598383
20191121,15.75,15.87,15.63,15.86,77256324,1218516399
20191122,15.89,15.92,15.55,15.59,77347354,1216064537
20191125,15.64,15.84,15.54,15.8,78325794,1233388886
20191126,15.89,15.89,15.49,15.62,81529753,1271594662
20191127,15.64,15.64,15.39,15.47,47616998,736584294
20191128,15.47,15.54,15.44,15.49,37801651,585252046
20191129,15.54,15.55,15.18,15.29,65386691,1001451096
20191202,15.35,15.43,15.23,15.36,55387738,849784129
20191203,15.3,15.46,15.21,15.45,45541805,700293548
20191204,15.34,15.41,15.21,15.31,52454527,802110334
20191205,15.35,15.48,15.3,15.43,55708446,857682575
20191206,15.47,15.72,15.46,15.6,71261524,1109423061
20191209,15.62,15.62,15.35,15.41,60599289,935135952
20191210,15.36,15.38,15.25,15.33,55638388,851377532
20191211,15.38,15.68,15.3,15.66,87150519,1351786530
20191212,15.66,15.67,15.53,15.6,47899882,747519511
20191213,15.85,16.12,15.77,16.12,105310381,1680707282
20191216,16.12,16.14,15.87,16.13,78795234,1262802471
20191217,16,16.63,15.98,16.5,120310490,1969891323
20191218,16.43,16.66,16.41,16.46,79709133,1317608543
20191219,16.55,16.74,16.44,16.55,67553676,1119925969
20191220,16.55,16.68,16.44,16.59,64447838,1067869779
20191223,16.68,16.68,16.17,16.24,71579272,1173372080
20191224,16.23,16.5,16.23,16.4,45912842,752351618
20191225,16.45,16.56,16.24,16.3,41491798,679664596
20191226,16.34,16.48,16.32,16.47,37203386,610381757
20191227,16.53,16.93,16.43,16.63,104257472,1741473179
20191230,16.46,16.63,16.1,16.57,97697031,1603152786
20191231,16.57,16.63,16.31,16.45,70444225,1154704348
20200102,16.65,16.95,16.55,16.87,153023187,2571196482
20200103,16.94,17.31,16.92,17.18,111619481,1914495474
20200106,17.01,17.34,16.91,17.07,86208350,1477930193
20200107,17.13,17.28,16.95,17.15,72860756,1247047135
20200108,17,17.05,16.63,16.66,84782412,1423608811
20200109,16.81,16.93,16.53,16.79,103163665,1725326806
20200110,16.79,16.81,16.52,16.69,58554845,975154818
20200113,16.75,17.03,16.61,16.99,87213336,1468271683
20200114,16.99,17.27,16.76,16.76,130449366,2217608852
20200115,16.79,16.86,16.45,16.52,85943912,1424889228
20200116,16.52,16.57,16.2,16.33,102810467,1678888507
20200117,16.38,16.55,16.35,16.39,60543669,995909007
20200120,16.43,16.61,16.35,16.45,74607475,1226464649
20200121,16.34,16.34,15.93,16,89660310,1442171431
20200122,15.92,16.16,15.71,16.09,71946491,1150933398
20200123,15.92,15.92,15.39,15.54,110059207,1723394336
20200203,13.99,14.7,13.99,13.99,225919483,3201454164
20200204,14.05,14.66,14.02,14.6,170617207,2442932842
20200205,14.59,14.89,14.32,14.63,149138021,2177632043
20200206,14.81,14.87,14.51,14.77,118581572,1740107625
20200207,14.6,14.69,14.41,14.62,92485296,1345053255
20200210,14.51,14.53,14.3,14.5,133949524,1931983482
20200211,14.6,14.94,14.56,14.79,140750744,2077194138
20200212,14.79,14.82,14.6,14.77,107050321,1573229042
20200213,14.71,14.88,14.61,14.65,101320528,1491327713
20200214,14.75,15.14,14.7,15.03,151243473,2253906452
20200217,15.04,15.37,14.93,15.37,154369601,2337993586
20200218,15.33,15.33,15.01,15.2,97361235,1478274222
20200219,15.1,15.37,15.08,15.24,87410693,1333730218
20200220,15.27,15.62,15.1,15.59,123544434,1897923029
20200221,15.49,15.72,15.45,15.58,99507102,1546692930
20200224,15.46,15.46,15.15,15.23,119179450,1820183854
20200225,15,15.13,14.78,15.04,114457502,1710369786
20200226,14.77,15.27,14.7,14.99,117659915,1769612245
20200227,14.96,15.15,14.89,15.11,97527090,1464605739
20200228,14.85,15.04,14.46,14.5,130064445,1906892413
20200302,14.55,14.95,14.46,14.79,111658066,1647432269
20200303,14.96,14.99,14.63,14.72,115358432,1705816271
20200304,14.68,14.78,14.51,14.69,86259523,1261123063
20200305,14.8,15.64,14.73,15.39,268660234,4089493523
20200306,15.18,15.27,15.02,15.03,122853103,1858691259
20200309,14.71,14.73,14.42,14.45,166579354,2420392130
20200310,14.38,14.85,14.38,14.76,116786497,1709084565
20200311,14.77,14.88,14.62,14.69,81438164,1201250682
20200312,14.65,14.84,14.53,14.68,98649711,1447436641
20200313,13.9,14.58,13.9,14.52,116976580,1669009835
20200316,14.45,14.46,13.75,13.75,140620218,1975824191
20200317,13.75,13.97,13.13,13.41,117784906,1582506075
20200318,13.41,13.55,12.65,12.71,138478437,1816836893
20200319,12.68,12.74,11.91,12.23,189145713,2313863663
20200320,12.4,12.68,12.26,12.52,157835296,1967487818
20200323,12,12.35,11.93,12.15,107111364,1300469494
20200324,12.4,12.68,12.27,12.61,118020026,1472909399
20200325,12.88,13.07,12.7,12.87,113695774,1467534956
20200326,12.78,13.34,12.72,13.06,107519243,1408651057
20200327,13.25,13.38,13.08,13.15,65301888,861618663
20200330,12.85,13.04,12.76,12.94,66173879,852956240
20200331,13.05,13.09,12.78,12.8,51337030,662915471
20200401,12.86,13.13,12.82,12.89,52083604,676070117
20200402,12.75,12.97,12.66,12.97,51836504,663197628
20200403,12.82,12.89,12.55,12.61,82534814,1047282400
20200407,12.89,12.94,12.81,12.88,87031371,1121200115
20200408,12.88,12.92,12.72,12.78,52871614,676604872
20200409,12.88,12.89,12.72,12.74,40855377,522027888
20200410,12.76,12.98,12.65,12.79,66667495,853689950
20200413,12.67,12.71,12.47,12.59,44621440,562008050
20200414,12.65,12.86,12.57,12.86,68608687,874856562
20200415,12.86,12.93,12.78,12.87,65639640,843649273
20200416,12.79,12.79,12.54,12.68,78915498,997623816
20200417,12.77,13.04,12.65,12.89,133116477,1713215766
20200420,12.86,13.05,12.77,12.99,81845583,1058524019
20200421,13.3,13.7,13.3,13.45,212244834,2861879086
20200422,13.37,13.42,13.16,13.23,103280274,1368222854
20200423,13.23,13.31,13.11,13.23,64698963,855052110
20200424,13.17,13.28,13.11,13.24,56600161,747473770
20200427,13.3,13.64,13.25,13.5,93682990,1263809737
20200428,13.45,13.56,13.27,13.52,77156417,1038718080
20200429,13.48,14.1,13.45,14.02,110872239,1541638203
20200430,14.02,14.32,13.88,13.93,81954043,1155968238
20200506,13.76,13.89,13.61,13.77,100899802,1382727481
20200507,13.76,13.76,13.6,13.69,66274923,904349531
20200508,13.76,14.02,13.68,13.95,93478170,1297924588
20200511,13.92,14.13,13.9,14,61286229,859156594
20200512,13.95,14.05,13.72,13.79,55851114,772109502
20200513,13.75,13.78,13.53,13.63,64035879,871062043
20200514,13.55,13.59,13.22,13.3,94467209,1259440848
20200515,13.39,13.43,13.14,13.23,75679447,1004313267
20200518,13.2,13.34,13.12,13.2,63720857,843479669
20200519,13.41,13.45,13.27,13.36,60036864,801755671
20200520,13.38,13.62,13.27,13.51,69085107,929928885
20200521,13.52,13.57,13.36,13.4,55231200,742797057
20200522,13.33,13.34,12.92,12.92,85623733,1119433491
20200525,12.97,12.98,12.76,12.96,41017078,528769352
20200526,13.02,13.07,12.94,13.04,39621240,515451849
20200527,13.05,13.19,12.96,13,48296294,630305864
20200528,12.87,13.18,12.81,13.07,96076031,1255226999
20200529,13.01,13.04,12.92,13,45780822,594502123
20200601,13.1,13.39,13.08,13.32,88296055,1173619006
20200602,13.29,13.63,13.28,13.55,88345888,1194375822
20200603,13.64,13.88,13.5,13.54,95680308,1308782294
20200604,13.53,13.64,13.41,13.57,58306633,788707630
20200605,13.6,13.62,13.43,13.59,38302690,517232135
20200608,13.68,13.85,13.58,13.62,58597190,802115792
20200609,13.64,13.73,13.53,13.67,47430007,646895834
20200610,13.71,13.71,13.4,13.49,58047620,781995749
20200611,13.38,13.39,13,13.08,134903982,1774199978
20200612,12.9,13.02,12.87,12.99,103055057,1331618728
20200615,12.85,12.97,12.8,12.82,66031307,850767506
20200616,12.9,12.99,12.86,12.89,71805910,927043687
20200617,12.89,12.92,12.76,12.85,71646824,918251153
20200618,12.76,12.8,12.59,12.76,111964780,1419972017
20200619,12.73,12.84,12.61,12.8,153952178,1954584919
20200622,12.74,12.76,12.62,12.64,131907979,1671023278
20200623,12.65,12.69,12.52,12.6,99080673,1248046646
20200624,12.64,12.88,12.6,12.8,152322048,1946329095
20200629,12.92,12.97,12.71,12.8,103848006,1330678288
20200630,12.83,12.88,12.72,12.8,93794022,1199181601
20200701,12.79,13.15,12.74,13.12,169739001,2202800843
20200702,13.08,13.49,12.97,13.43,259050119,3433511084
20200703,13.57,14.32,13.56,14.25,376833363,5280918011
20200706,14.6,15.68,14.59,15.68,471146078,7168653356
20200707,16.3,16.63,15.03,15.48,396442747,6267919683
20200708,15.23,16,15.23,15.76,263133916,4095447757
20200709,15.66,15.66,15.31,15.53,224399440,3469517329
20200710,15.35,15.48,14.76,14.86,215877326,3254272377
20200713,14.7,15.08,14.5,14.89,193716012,2871414844
20200714,14.9,15.19,14.55,14.68,195356627,2891773817
20200715,14.78,14.86,14.23,14.27,204256283,2947173149
20200716,14.3,14.55,14.12,14.15,193089129,2771496391
20200717,14.17,14.28,13.95,14.14,129134677,1821043927
20200720,14.23,14.77,14.1,14.73,197963200,2872758056
20200721,14.68,14.68,14.4,14.49,125286569,1815570300
20200722,14.49,14.65,14.27,14.41,131295159,1895447229
20200723,14.24,14.29,13.81,14.01,202752587,2838535210
20200724,13.97,13.99,13.42,13.5,183088183,2504647111
20200727,13.67,13.68,13.1,13.24,188065335,2497551472
20200728,13.34,13.43,13.18,13.34,121700599,1618089558
20200729,13.35,13.63,13.21,13.54,151958025,2043847472
20200730,13.5,13.51,13.37,13.37,96406763,1294444933
20200731,13.28,13.53,13.25,13.34,116582191,1559068291
20200803,13.47,13.62,13.43,13.59,144509616,1954607257
20200804,13.66,14.15,13.48,14.04,244566325,3388510059
20200805,13.82,13.85,13.62,13.76,144020313,1980352978
20200806,13.82,13.96,13.65,13.9,135251068,1868047342
20200807,13.8,13.9,13.62,13.7,98867837,1356305781
20200810,13.67,14.02,13.62,13.95,158771035,2208568316
20200811,13.97,14.66,13.97,14.13,260330789,3748036828
20200812,14.21,14.5,14.15,14.38,159681170,2287731088
20200813,14.4,14.46,14.14,14.18,83726175,1190139725
20200814,14.1,14.51,14.06,14.47,110321582,1578543607
20200817,14.6,15.35,14.55,15.19,326802780,4923669137
20200818,15.2,15.3,14.91,15.15,135026107,2033477707
20200819,15.11,15.35,14.96,15.1,142092811,2154215097
20200820,15.01,15.14,14.53,14.59,133380162,1962605013
20200821,14.71,14.71,14.32,14.45,123451733,1787278581
20200824,14.5,14.71,14.41,14.46,91944886,1338031969
20200825,14.56,14.69,14.46,14.6,74832022,1090756854
20200826,14.6,14.61,14.28,14.37,73411772,1057274169
20200827,14.4,14.46,14.11,14.46,62666677,895618648
20200828,14.26,15.18,14.26,15.13,241040002,3599035694
20200831,15.3,15.68,14.99,15.08,179712954,2760350322
20200901,14.96,15.23,14.88,15.14,81364258,1228342741
20200902,15.01,15.53,15.01,15.32,167938297,2575966637
20200903,15.32,15.33,14.84,14.9,127984159,1919266726
20200904,14.73,15.06,14.6,14.96,90988999,1353550808
20200907,14.88,15.24,14.83,14.94,103137681,1551971380
20200908,15,15.43,15,15.43,140760166,2154220778
20200909,15.26,15.56,15.13,15.21,101357247,1554005575
20200910,15.32,15.48,15.2,15.34,95709239,1469402768
20200911,15.18,15.3,14.82,15.01,95423625,1431844020
20200914,15.01,15.3,14.92,15.3,68025105,1027508108
20200915,15.2,15.48,15.15,15.35,65713267,1007999044
20200916,15.32,15.54,15.21,15.44,72241475,1114667832
20200917,15.54,15.72,15.4,15.57,98821563,1543414501
20200918,15.62,16.09,15.52,16.07,137319330,2186759087
20200921,16,16.05,15.71,15.86,89616165,1418370973
20200922,15.67,15.84,15.39,15.57,86775631,1354536272
20200923,15.59,15.83,15.51,15.63,59920047,939763265
20200924,15.59,15.61,15.12,15.12,106101124,1623376200
20200925,15.2,15.31,15.11,15.19,61408700,933035044
20200928,15.19,15.37,14.98,15.31,61271111,932800766
20200929,15.39,15.41,14.76,14.8,118237440,1766848544
20200930,14.8,15.27,14.8,15.17,121706482,1838547595
20201009,15.3,15.55,15.13,15.18,90042593,1376995906
20201012,15.22,16.05,15.21,15.9,159134715,2509002885
20201013,15.9,16.11,15.77,16.06,90881948,1453986337
20201014,16.04,16.12,15.8,16.03,66256236,1057937816
20201015,16.2,16.92,16.15,16.56,160006232,2654379585
20201016,16.56,17.37,16.54,17.1,209561419,3589229558
20201019,17.3,18.1,17.3,17.48,201610552,3571336006
20201020,17.48,17.6,17.25,17.54,96007195,1673173355
20201021,17.64,18,17.33,17.91,124456018,2204040364
20201022,17.94,18.5,17.3,17.56,189051905,3342069010
20201023,17.53,18.78,17.53,18.13,169850168,3105623948
20201026,18.2,18.29,17.45,17.7,117559865,2085800598
20201027,18,18,17.5,17.76,103486504,1839243224
20201028,17.76,17.9,17.29,17.63,120582386,2125604541
20201029,17.54,17.93,17.35,17.77,84660362,1498040947
